issue,category,category_description,comment_count,comment_likes_count,comment_replies_count,comment_shares_count,likes_per_comment
Benefits,Advice and Practical Guidance.Accessing Supplementary Support and Local Schemes,"Advice on how to tap into extra forms of assistance—such as local council grants, housing funds, or emergency schemes—to supplement standard benefit payments.",62,87,37,0,1.403225806
Benefits,Advice and Practical Guidance.Navigating Applications and Eligibility,"Guidance providing practical tips on completing benefit applications, understanding eligibility criteria, and handling bureaucratic hurdles.",45,49,21,0,1.088888889
Benefits,Bureaucratic and Systemic Barriers.Application Process Frustrations,"Accounts describing complex paperwork, confusing online systems, and systemic inefficiencies encountered when applying for or renewing benefits.",20,18,8,0,0.9
Benefits,"Bureaucratic and Systemic Barriers.Delays, Errors, and Overpayment Issues","Experiences highlighting prolonged processing times, unexpected payment delays, or issues with overpayments and subsequent recovery demands.",20,21,14,0,1.05
Benefits,Community Support and Mutual Aid.Charitable Initiatives and Local Responses,"Descriptions of community-run programs, food banks, clothing drives, and volunteer efforts that help bridge the gap left by formal benefits.",283,278,105,0,0.9823321555
Benefits,"Community Support and Mutual Aid.Housing, Employment, and Job Support","Conversations about local efforts to provide affordable housing, job opportunities, and employment resources for benefit recipients.",17,23,2,0,1.352941176
Benefits,"Economic Hardship and Cost of Living Impact.Affordability, Rent, and Wage Comparisons","Comments that highlight the disparity between benefit amounts, wage levels, and rising housing costs, questioning the overall adequacy of benefits.",27,37,13,0,1.37037037
Benefits,Economic Hardship and Cost of Living Impact.Rising Costs and Utility Struggles,"Narratives addressing the increased burdens of energy bills, food prices, and other essential living costs on those relying on benefits.",6,9,2,0,1.5
Benefits,Personal Experiences and Emotional Impact.Emotional Vulnerability and Wellbeing,"Narratives that focus on the mental health, trauma, and social isolation resulting from financial insecurity and the stigmatization of benefit dependence.",4,1,0,0,0.25
Benefits,Personal Experiences and Emotional Impact.Lived Experiences and Personal Struggles,"Personal stories that detail the practical and emotional hardships of living on benefits, including challenges with housing, employment, and daily survival.",25,18,11,0,0.72
Benefits,Political and Policy Discourse.Political Party and Policy Criticism,"Discussions that link benefits to political ideologies, critiquing political parties and candidates for their management of social support and welfare policies.",32,90,34,0,2.8125
Benefits,Political and Policy Discourse.Systemic Policy and Economic Debates,"Debates focused on wider economic issues like taxation, wage stagnation, and cost of living pressures, arguing about the adequacy and sustainability of the benefits system.",30,120,11,0,4
Benefits,Social Attitudes and Stigma.Fraud and Abuse Accusations,"Comments that label benefit recipients as fraudsters or abusers of state support, using aggressive language and generalizations to undermine the legitimacy of claims.",31,52,11,0,1.677419355
Benefits,Social Attitudes and Stigma.Moral Critique and Entitlement Stigma,"Remarks that criticize perceived laziness or excessive entitlement among people on benefits, often framing their reliance as a moral failing.",117,291,103,0,2.487179487
Benefits,Uncategorised.Not enough information,,7,6,1,0,0.8571428571
Businesses,Business Operations & Changes.Business Transitions,"Observations and commentary on closures, rebranding, redevelopments, or shifts in business models.",1184,1455,572,0,1.228885135
Businesses,Business Operations & Changes.Urban Planning & Governance,"Critiques of council decisions, planning permissions, and public redevelopment projects that directly affect local commerce.",1456,3389,895,0,2.32760989
Businesses,Community & Local Identity.Local Support & Advocacy,Calls for supporting independent businesses and preserving community character in the face of corporate and planning changes.,2823,6474,1099,0,2.293304995
Businesses,Community & Local Identity.Nostalgia & Heritage,Expressions of fond recollections and historical reflections regarding long‐standing local shops and markets.,1829,3119,869,0,1.705303445
Businesses,Customer Reviews.Negative Reviews,"Feedback expressing dissatisfaction, complaints about poor service, low product quality, or problematic experiences.",1373,2622,598,0,1.909686817
Businesses,Customer Reviews.Positive Reviews,"Comments praising product quality, service, ambiance, and overall satisfying experiences at businesses.",701,893,162,0,1.273894437
Businesses,Employment & Networking.Business Advertising & Self-Promotion,"Content in which businesses or individuals promote their services, network, or advertise products to attract customers.",310,207,66,0,0.6677419355
Businesses,Employment & Networking.Job & Recruitment Announcements,"Posts about job vacancies, recruitment opportunities, and employment challenges within local businesses.",468,382,143,0,0.8162393162
Businesses,Pricing & Payment Critiques.Payment System Issues,"Discussions of problems with cashless methods, hidden fees, pre‐authorisation holds, or other payment-related glitches.",293,673,203,0,2.296928328
Businesses,Pricing & Payment Critiques.Pricing Complaints,"Remarks about high prices, overcharging, or perceptions of poor value for money.",598,1554,299,0,2.598662207
Businesses,Technology & Retail Automation.Online Ordering & Delivery Issues,"Feedback on digital ordering platforms, app glitches, or delivery problems that affect the purchasing experience.",23,10,12,0,0.4347826087
Businesses,Technology & Retail Automation.Self-Service & Automation Critiques,Observations and complaints regarding the replacement of personal service by automated systems like self-checkouts and digital kiosks.,205,547,118,0,2.668292683
Businesses,"Transportation, Parking & Infrastructure.Fuel & Vehicle Service Complaints","Discussions about issues at petrol stations, including high fuel prices, poor service, or vehicle maintenance concerns.",94,119,75,0,1.265957447
Businesses,"Transportation, Parking & Infrastructure.Parking & Traffic Enforcement","Comments on confusing parking rules, fines, and road or traffic disruptions (including issues with traffic lights and roadworks) that impact access and local commerce.",769,1590,420,0,2.067620286
Businesses,"Trust, Fraud & Service Failures.Scam and Fraud Warnings","Alerts about potential scams, dishonest contractors, or deceptive business practices targeting customers.",399,554,198,0,1.388471178
Businesses,"Trust, Fraud & Service Failures.Service Delivery Failures","Complaints about unreliable deliveries, poor workmanship, or substandard customer service and product quality.",479,977,316,0,2.039665971
Businesses,Uncategorised.Not enough information,,242,153,63,0,0.632231405
Childcare and family,Child Health and Medical Services.Healthcare Access and Child Medical Services,"Focuses on struggles accessing timely and adequate healthcare for children—including long wait times, delayed diagnoses (e.g., for autism or chronic conditions), and related frustrations.",145,168,100,0,1.15862069
Childcare and family,Child Safety and Public Interactions.Animal Interactions and Pet Safety,"Encompasses debates about responsible pet ownership, incidents involving stray or uncontrolled animals (including dog fouling), and the impact of animal-related issues on children’s safety.",309,805,152,0,2.605177994
Childcare and family,Child Safety and Public Interactions.Peer Misconduct and Bullying,"Covers issues of bullying, disruptive behavior among children, and conflicts between peers in public spaces and school environments.",151,399,76,0,2.642384106
Childcare and family,Child Safety and Public Interactions.Stranger Encounters and Suspicious Behavior,Focuses on concerns over inappropriate or suspicious interactions with strangers in public spaces—such as unwanted photography or approaching children—and the related safety issues.,344,927,171,0,2.694767442
Childcare and family,Childcare and Early Education.Infant Feeding and Breastfeeding Support,"Focuses on parents’ experiences with breastfeeding in public, formula feeding, and the need for supportive networks and practical advice during infancy.",20,23,7,0,1.15
Childcare and family,Childcare and Early Education.Nursery and Childcare Services,"Discusses recommendations, quality, funding, availability, and waitlist challenges for nurseries, childminders, and other early years care providers.",268,288,113,0,1.074626866
Childcare and family,"Childcare and Early Education.School Entry, Deferral, and Catchment","Covers debates on the timing of school start, deferral decisions for summer‐born children, catchment area challenges, and admission issues that influence family planning.",78,116,40,0,1.487179487
Childcare and family,Community Support and Family Welfare.Government and Social Support Initiatives,"Encompasses discussions about petitions, food banks, housing assistance, and state or council interventions designed to aid families in financial or social distress.",231,327,107,0,1.415584416
Childcare and family,Community Support and Family Welfare.Local Community and Volunteer Initiatives,"Highlights grassroots efforts, charity events, free gift exchanges, and local parent groups that organize support for families and improve community wellbeing.",857,1183,343,0,1.380396733
Childcare and family,Family Dynamics and Relationship Narratives.Domestic and Relational Challenges,"Includes conversations about domestic abuse, divorce, family restructuring, and other relational hardships that impact children's upbringing.",10,12,1,0,1.2
Childcare and family,"Family Dynamics and Relationship Narratives.Family Memories, Traditions, and Nostalgia","Covers personal and intergenerational reflections on cherished family moments, cultural traditions, and community experiences that shape family identity.",198,270,74,0,1.363636364
Childcare and family,Parental Experiences and Challenges.Employment and Job Security for Parents,"Addresses challenges in balancing work and childcare responsibilities, petitions for employer support, and conflicts that arise when family care impacts employment.",180,221,90,0,1.227777778
Childcare and family,Parental Experiences and Challenges.Parenting Struggles and Social Judgements,"Encompasses everyday difficulties, parental criticisms, and societal judgments regarding different parenting styles and family management.",918,2577,466,0,2.807189542
Childcare and family,"Public Transport, Parking, and Road Safety.Pedestrian, Traffic, and Road Safety","Covers hazardous road conditions, blocked pavements, unsafe crossings, and general traffic issues that directly threaten the safety of children and families.",641,1341,400,0,2.092043682
Childcare and family,"Public Transport, Parking, and Road Safety.Public Transport and Parking Accessibility","Discusses difficulties with public transport, taxi challenges, and parking problems (e.g., blocked driveways, misuse of parent spaces) that affect everyday family logistics.",176,412,105,0,2.340909091
Childcare and family,Uncategorised.Not enough information,,6,3,1,0,0.5
Cost of living,Employment & Income.Income versus Rising Living Costs,"Comments contrasting stagnant or low wage growth with escalating everyday expenses, highlighting income disparity and personal financial struggles.",354,858,131,0,2.423728814
Cost of living,Employment & Income.Low Wages and Job Insecurity,"Discussions about insufficient wages, insecure or zero-hour contracts, and the difficulty of earning a fair income in today’s economic climate.",242,408,81,0,1.685950413
Cost of living,"Food & Consumer Costs.Grocery Prices, Inflation and Shrinkflation","Comments highlighting rapidly rising food prices, reduced product sizes, and the effects of inflation on everyday grocery items.",939,1747,450,0,1.860489883
Cost of living,Food & Consumer Costs.Retail Overcharging and Price Discrepancies,"Discussions regarding inconsistencies between advertised prices and checkout charges, misleading promotions, and other retail pricing issues.",549,723,187,0,1.316939891
Cost of living,Healthcare & Veterinary Costs.Human Healthcare Service Costs and Access,"Discussions regarding rising costs in human healthcare services such as dental care, GP delays, and the broader impact on accessing essential medical care.",88,96,30,0,1.090909091
Cost of living,Healthcare & Veterinary Costs.Veterinary and Pet Care Expenses,"Talk about high veterinary fees, pet insurance premiums, and the financial burdens associated with caring for pets amid rising costs.",101,177,66,0,1.752475248
Cost of living,Housing & Property Costs.Housing Policy and Local Market Issues,"Discussions critiquing government and landlord policies, planning decisions, and tenant protection practices that impact the local housing market.",114,358,89,0,3.140350877
Cost of living,"Housing & Property Costs.Rent, Property and Affordability","Comments discussing high rental prices, soaring property costs, and rising council tax — highlighting the struggle to secure affordable housing.",371,902,242,0,2.431266846
Cost of living,Public Services & Local Governance.Local Service Charges and Infrastructure,"Comments on council service fees (e.g. waste collection, parking fines, road maintenance) and decisions that affect local public infrastructure and service quality.",275,496,141,0,1.803636364
Cost of living,"Public Services & Local Governance.Policy, Austerity and Fiscal Critique","Discussions critiquing government spending cuts, austerity measures, and overarching policies that deepen financial strain.",372,992,201,0,2.666666667
Cost of living,Retail & Services Experience.Digital Retail and Online Shopping Practices,"Discussions about the transition to digital shopping, self-service checkout issues, misleading online deals, and the impact of technology on retail pricing.",8,18,0,0,2.25
Cost of living,Retail & Services Experience.Service Quality and Consumer Experiences,"Comments on declining service quality, long queues, overcharging at checkouts, and negative consumer experiences in retail and service sectors.",93,124,24,0,1.333333333
Cost of living,"Social Support & Welfare.Charity, Community Aid and Grassroots Initiatives","Talks about food banks, free distribution events, and community-driven projects designed to help those struggling with rising costs.",602,744,236,0,1.235880399
Cost of living,"Social Support & Welfare.Welfare, Benefits and Public Assistance Challenges","Discussions on limitations of welfare systems, difficulties accessing state support, and the reality of living on benefits amid the cost of living crisis.",90,88,30,0,0.9777777778
Cost of living,Technology & Payment Systems.Cashless Payments and Digital Payment Frustrations,"Conversations focused on mandatory cashless systems, issues with parking and retail apps, hidden fees, and frustrations with digital payment methods.",121,219,71,0,1.809917355
Cost of living,"Technology & Payment Systems.Online Banking, Billing and Payment App Issues","Comments regarding online banking glitches, direct debit problems, and technology-induced errors that affect consumers' finances.",13,32,3,0,2.461538462
Cost of living,Transport & Parking.Fuel Prices and Regional Variances,"Talk regarding high petrol and diesel costs, regional price differences, and consumer strategies to save money at the pump.",480,588,264,0,1.225
Cost of living,"Transport & Parking.Public Transport, Taxi Fares and Parking Charges","Comments addressing expensive taxi fares, increased parking fees including cashless payment frustrations, and cost issues affecting public transport options.",1005,1881,492,0,1.871641791
Cost of living,Uncategorised.Not enough information,,36,27,7,0,0.75
Cost of living,Utilities & Energy.Energy Supplier Switching and Renewable Transitions,"Talk about experiences with energy providers, comparisons between suppliers, and the costs of moving toward cleaner or renewable energy solutions.",21,7,2,0,0.3333333333
Cost of living,Utilities & Energy.Utility Bills and Billing Disputes,"Conversations focused on escalating gas, electric, and water bills, smart meter reading errors, and unexpected billing charges.",469,380,178,0,0.8102345416
Crime,"Animal-Related Crime.Animal Abuse, Neglect, and Attacks","Comments dealing with harm, cruelty, or neglect toward animals, including violent encounters between pets or mistreatment of wildlife.",1436,2377,668,0,1.655292479
Crime,Anti-social Behavior and Youth Disorder.Drug-Fueled Public Disorder,"Remarks linking public disturbances and chaotic behavior to substance abuse or intoxication, often referencing drug-fueled incidents that lead to safety concerns.",424,692,205,0,1.632075472
Crime,Anti-social Behavior and Youth Disorder.Youth-Related Offenses,"Discussions focusing on disruptive or intimidating acts by young people, including bullying, vandalism, and general public disorder created by youth groups.",2125,4299,1071,0,2.023058824
Crime,Fraud and Scams.Financial and Digital Deception,"Comments addressing deceptive schemes that trick victims into losing money or assets, covering both traditional door-to-door scams and online or delivery-related fraud.",497,511,173,0,1.028169014
Crime,Moral Judgment and Condemnation.Derogatory Criticism and Outrage,"Expressions that employ strong, condemning language—using insults and pejorative labels—to denounce criminal acts and morally judge perpetrators.",843,1420,295,0,1.684460261
Crime,"Policing, Authority, and Community Vigilance.Community Reporting and Vigilance","Comments urging individuals to report incidents, share evidence such as CCTV footage, and actively engage in community watch to deter further crime.",2723,3395,1098,0,1.246786632
Crime,"Policing, Authority, and Community Vigilance.Critique of Law Enforcement Response","Narratives expressing frustration over delays, inadequacies, or perceived apathy in police and authority figures’ handling of criminal incidents.",1696,3059,918,0,1.80365566
Crime,Political and Administrative Failings.Critique of Public Policy and Spending,"Comments discussing misallocation of public funds, ineffective governance, or poor administrative decisions that impact crime prevention and community safety.",126,336,74,0,2.666666667
Crime,Political and Administrative Failings.Political and Social Commentary on Crime,"Remarks linking criminal incidents to broader societal issues, inequality, or political failures, often suggesting that such neglect fuels further crime.",247,741,192,0,3
Crime,Property Crime.Burglary and Vehicle Break-ins,"Comments discussing unauthorized intrusions into homes or vehicles, focusing on theft and break‐ins that may occur without visible structural damage.",550,287,239,0,0.5218181818
Crime,Property Crime.Vandalism and Fly-Tipping,"Discussions about deliberate property damage including graffiti, defacement, and illegal dumping, often emphasizing disorder and neglect of public or private spaces.",1476,1776,563,0,1.203252033
Crime,Traffic Offenses and Road Misconduct.Illegal Parking and Obstruction,Remarks focusing on vehicles violating parking regulations—such as parked in disabled bays or obstructing driveways—and thereby causing inconvenience and safety hazards.,344,546,196,0,1.587209302
Crime,Traffic Offenses and Road Misconduct.Non-Violent Traffic Misconduct,"Comments addressing reckless or inconsiderate driving behaviors that damage property or pose hazards, excluding those already classified as violent acts.",163,266,70,0,1.63190184
Crime,Uncategorised.Not enough information,,95,72,50,0,0.7578947368
Crime,Victim Support and Community Solidarity.Calls for Justice and Accountability,"Appeals for proper investigations, legal retribution, and community or authority action to ensure that perpetrators are held accountable and victims receive justice.",103,180,33,0,1.747572816
Crime,Victim Support and Community Solidarity.Expressions of Empathy and Condolence,"Sympathetic remarks offering support, comfort, and condolences to victims of crime, expressing genuine care for their emotional and physical wellbeing.",681,724,273,0,1.063142438
Crime,Violent Crime.Physical Assault and Weapon-related Violence,"Remarks describing incidents where individuals are attacked, including stabbings, beatings, or weapon use that results in serious bodily harm.",866,1034,292,0,1.193995381
Crime,"Violent Crime.Road Rage, Hit-and-Run, and Reckless Driving",Talk focusing on aggressive driving behaviors – such as hit‐and‐run incidents or overt acts of road rage – that deliberately endanger lives or cause injury.,841,1024,343,0,1.217598098
Cultural issues,Community Dynamics and Public Space Usage.Governance and Social Behavior,"Remarks addressing interpersonal behavior in shared spaces, the role of local authorities, and citizens’ expectations of mutual respect and civility in public life.",15,69,13,0,4.6
Cultural issues,Community Dynamics and Public Space Usage.Public Celebrations and Safety,Dialogues about the organization and regulation of public festivities—such as fireworks shows and street events—and their impact on safety and community well‐being.,130,417,96,0,3.207692308
Cultural issues,Cultural Entertainment and Social Venues.Commercial Cultural Spaces,"Comments on pubs, restaurants, and other commercial establishments that are integral to community identity and social interactions.",18,21,4,0,1.166666667
Cultural issues,Cultural Entertainment and Social Venues.Live Entertainment and Festival Culture,"Observations and opinions on music venues, drag shows, clubs, festivals, and live events that serve as core components of local cultural life.",331,592,160,0,1.788519637
Cultural issues,"Discourse Tone, Humor, and Conflict in Cultural Debates.Humor and Incivility in Cultural Debate","Expressions that use satire, irony, or crude language—whether playful or hostile—to comment on cultural issues, reflecting both wit and conflict.",831,1753,455,0,2.109506619
Cultural issues,"Diversity, Inclusion, and Multiculturalism.Identity Politics and Representation","Remarks focused on politically correct language, identity markers, and how individuals or groups are portrayed within cultural debates.",274,507,118,0,1.850364964
Cultural issues,"Diversity, Inclusion, and Multiculturalism.Race, Religion, and LGBTQ+ Tolerance","Discussions addressing issues of race, ethnicity, interfaith differences, and sexual/gender minorities, highlighting support as well as prejudice in cultural contexts.",721,2168,466,0,3.006934813
Cultural issues,"National Identity, Symbols, and Media Representation.Cultural Politics of Symbolism","Debates over the meanings and politicization of public symbols and narratives, addressing issues of heritage, nationalism, and cultural representation.",114,469,86,0,4.114035088
Cultural issues,"National Identity, Symbols, and Media Representation.National Symbols and Media Narratives","Discussions about the use of flags, statues, and other emblems as representations of national identity, and critiques on how media portrays these symbols.",59,98,9,0,1.661016949
Cultural issues,Nostalgia and Cultural Memory.Architectural and Urban Memory,"Comments reflecting on the historical look and design of cities, landmarks, and neighborhoods, expressing both admiration and lament for the bygone aesthetic and urban feel.",657,1358,288,0,2.066971081
Cultural issues,Nostalgia and Cultural Memory.Personal and Event Memories,"Anecdotes and reminiscences about traditional festivals, community gatherings, and individual personal experiences that tie people to their cultural past.",805,1417,337,0,1.760248447
Cultural issues,Political Debate and Civic Engagement.Civic Action and Public Policy,"Remarks that consider community organizing, public consultations, and local decision‐making processes affecting cultural and urban life.",16,73,12,0,4.5625
Cultural issues,Political Debate and Civic Engagement.Local and National Political Critique,"Commentary on political parties, government policies, and electoral issues that intersect with cultural identity and community values.",152,477,100,0,3.138157895
Cultural issues,"Public Art, Aesthetics, and Cultural Expression.Public Art and Urban Aesthetics","Evaluations and debates about murals, sculptures, graffiti, and other artistic installations, including judgments on the visual quality and cultural significance of public art.",210,332,58,0,1.580952381
Cultural issues,Uncategorised.Not enough information,,6,2,1,0,0.3333333333
Cultural issues,"Urban Development, Preservation, and Community Change.Local Identity Transformation","Comments that examine how redevelopment, new constructions, and modern planning are reshaping community identity and cultural tradition.",70,253,49,0,3.614285714
Cultural issues,"Urban Development, Preservation, and Community Change.Preservation vs. Modernization",Dialogues debating modern urban development against the need to conserve historic architecture and traditional cultural landscapes.,251,549,119,0,2.187250996
Democracy,Advocacy for Systemic Reform and Anti-Establishment Sentiments.Anti-Establishment and Populist Rhetoric,"Expressions of hostility toward entrenched elites and institutions, with populist language that criticizes the status quo and demands radical change.",85,320,54,0,3.764705882
Democracy,Advocacy for Systemic Reform and Anti-Establishment Sentiments.Calls for Political and Institutional Change,Urgent appeals to overhaul existing political systems and institutions to better reflect the public’s interests.,183,582,127,0,3.180327869
Democracy,Critique of Political Leadership and Party Politics.Leadership Accountability Critique,"Remarks that target politicians and leaders for perceived corruption, self‐interest, or neglect of their constituents’ needs.",1815,5235,1172,0,2.884297521
Democracy,Critique of Political Leadership and Party Politics.Party System Disillusionment,"Expressions of frustration with the established party system, repetitive promises, and the partisan elite, with calls for alternatives.",572,1399,339,0,2.445804196
Democracy,Democratic Ideals versus Reality.Gap Between Ideals and Institutional Practice,Reflections that contrast the high-minded promises of democracy with the observable shortcomings and corruption within political institutions.,70,141,32,0,2.014285714
Democracy,Democratic Ideals versus Reality.Public Participation as a Democratic Right,"Emphasis on the moral and civic importance of an informed, engaged citizenry who have the inherent right to participate and shape public policy.",118,212,78,0,1.796610169
Democracy,Electoral Processes and Transparency.Democratic Accountability and Transparency,"Calls for open decision-making, clear disclosure, and the public holding electoral institutions and candidates accountable.",64,128,40,0,2
Democracy,Electoral Processes and Transparency.Voting Mechanics and Procedure Concerns,"Comments discussing technical problems and procedural issues in elections—such as polling card delivery, postal voting, and registration rules—that may affect participation.",176,145,69,0,0.8238636364
Democracy,"Local Governance, Services, and Representation.Local Representation and Electoral Boundaries","Discussions about fair representation at the local level, including debates over electoral boundaries and whether elected officials truly represent their communities.",385,588,226,0,1.527272727
Democracy,"Local Governance, Services, and Representation.Service Delivery and Infrastructure Critique","Criticisms of local councils and authorities for inadequacies in public services, infrastructure maintenance, fiscal mismanagement, and poor community outcomes.",1112,2159,751,0,1.941546763
Democracy,Political Campaign Messaging and Media Critique.Critique of Campaign Tactics and Messaging,"Observations about the use of manipulated political communication, misleading leaflets, and community canvassing strategies designed to win votes.",92,259,58,0,2.815217391
Democracy,Political Campaign Messaging and Media Critique.Media Bias and Censorship Concerns,"Criticism of biased news coverage, social media censorship, and the suppression of dissenting voices in the public political discourse.",48,90,36,0,1.875
Democracy,Uncategorised.Not enough information,,64,75,31,0,1.171875
Democracy,Voter Engagement and Participation.Call-to-Vote Encouragement,Comments urging citizens to exercise their franchise and emphasizing that voting is vital for a responsive democracy.,482,868,224,0,1.800829876
Democracy,Voter Engagement and Participation.Voter Apathy and Cynicism,Expressions of disillusionment or skepticism about the power of individual votes and the effectiveness of the electoral system.,448,823,229,0,1.837053571
Economy,"Banking, Digital Payments, and Cash Access.Digital Payments and the Shift to Cashless Society","Discusses the transition to electronic payment methods, the challenges of digital systems, and the implications of hidden transaction fees.",199,675,161,0,3.391959799
Economy,"Banking, Digital Payments, and Cash Access.Physical Banking and Branch Closures","Examines concerns over the closure of physical bank branches and reduced access to traditional banking, especially for vulnerable populations.",285,525,184,0,1.842105263
Economy,Cost of Living.Everyday Expenses and Inflation,"Covers increasing costs of food, clothing, and general consumer goods, emphasizing the impact of inflation on daily life.",416,922,210,0,2.216346154
Economy,Cost of Living.Fuel and Utility Costs,"Discusses rising energy, gas, and fuel prices and how these increases strain household budgets.",196,213,131,0,1.086734694
Economy,Cost of Living.Parking Fees,"Focuses on debates over increasing parking charges and fines that affect shoppers, commuters, and local businesses.",244,683,139,0,2.799180328
Economy,Employment and Wages.Job Opportunities and Wage Trends,"Discusses new employment prospects, changing wage levels, and labor market shifts and their effects on communities.",687,1068,258,0,1.554585153
Economy,Employment and Wages.Labour Practices and Contract Issues,"Focuses on issues such as zero‐hour contracts, job insecurity, and disputes over fair compensation and working conditions.",93,135,35,0,1.451612903
Economy,"Financial Scams and Exploitation.Fraud, Scams, and Unethical Practices","Includes commentary on financial scams, fraudulent offers, and unethical business practices exploiting consumers and small enterprises.",108,144,50,0,1.333333333
Economy,Financial Scams and Exploitation.Hidden Fees and Overpricing,"Focuses on debates over deceptive pricing strategies, unexpected charges, and the burden of hidden fees on everyday transactions.",13,11,3,0,0.8461538462
Economy,"Infrastructure and Urban Development.Transportation, Aviation, and Public Transit","Encompasses discussions on airport reopenings, transportation projects, roadworks, and public transit improvements that drive regional economies.",630,994,153,0,1.577777778
Economy,"Infrastructure and Urban Development.Urban Renewal, Housing, and Commercial Property","Covers topics on housing developments, rising commercial rents, urban planning decisions, and the redevelopment of public spaces impacting economic vitality.",193,615,139,0,3.186528497
Economy,Local Retail and Consumer Experience.Decline and Revitalisation of High Streets,"Addresses the closure of traditional shops, deterioration of high streets, and community efforts to rejuvenate local retail environments.",2059,5225,1098,0,2.537639631
Economy,Local Retail and Consumer Experience.Shift to Online and Changing Shopping Trends,Highlights the transition from brick-and-mortar stores to online shopping and its effects on local economies and consumer habits.,121,275,52,0,2.272727273
Economy,Public Policy and Corporate Practices.Corporate Greed and Political Neglect,"Encapsulates discussions on excessive corporate profits, landlord and investor greed, and perceived political mismanagement that undermines community welfare.",594,1694,300,0,2.851851852
Economy,"Public Policy and Corporate Practices.Fiscal Policy, Public Spending, and Debt","Covers critiques of tax policies, government expenditure, reduced public funding, and mounting council debts affecting services.",702,1585,340,0,2.257834758
Economy,Uncategorised.Not enough information,,102,142,33,0,1.392156863
Education,"Career, Apprenticeships & Professional Opportunities in Education.Apprenticeships, Job Opportunities & Training","Conversations on securing vocational training, apprenticeships, early career job opportunities, and the challenges faced in applying for such positions.",166,139,77,0,0.8373493976
Education,"Career, Apprenticeships & Professional Opportunities in Education.Online Courses & Digital Qualifications","Topics covering free, government-funded online learning initiatives, digital professional development courses, and accredited remote qualifications.",49,34,27,0,0.693877551
Education,Community & Local Impact on Education.Community Projects & Engagement,"Discussions on community-led initiatives, local fundraising, neighborhood projects, and public efforts to enhance educational and recreational environments.",166,290,76,0,1.746987952
Education,"Community & Local Impact on Education.Local Infrastructure, Housing & Services","Dialogue on how local developments, housing projects, and council decisions (e.g., parking, transport, healthcare) affect school placements and community services.",245,575,143,0,2.346938776
Education,"Educational Policy, Governance & Administration.Political Critique & Funding","Discussions critiquing government policies, political party actions, funding allocations, and administrative decisions (e.g., teacher strikes) that impact the education system.",307,856,217,0,2.788273616
Education,"Educational Policy, Governance & Administration.Uniform, Discipline & Curriculum","Talks focusing on strict uniform rules, stringent disciplinary practices (including bathroom and behavior policies), and gaps or outdated elements in the curriculum.",243,499,127,0,2.053497942
Education,Extracurricular Activities & Student Development.After-School Programs & Child Development,"Discussions about sports, arts, clubs, and other extracurricular classes or community-based initiatives that enhance learning and personal development.",54,48,25,0,0.8888888889
Education,Extracurricular Activities & Student Development.Teacher Appreciation & Gifts,"Talks centered on gestures of gratitude toward educators, including discussions on appropriate gift ideas, teacher strikes, and end-of-year recognitions.",26,50,5,0,1.923076923
Education,"Parental Involvement, Home & Community Engagement.Home Education & Alternative Learning","Dialogues regarding homeschooling experiences, use of alternative curricula and digital resources, and non-traditional systems outside mainstream education.",55,83,15,0,1.509090909
Education,"Parental Involvement, Home & Community Engagement.Parental Engagement in School Issues","Covers how parents advocate with schools and local authorities, file complaints, provide feedback, and participate in decision-making on education matters.",421,629,210,0,1.494061758
Education,"Safety, Infrastructure & Transport.School Infrastructure & Physical Safety","Comments about the physical condition and maintenance of schools, vandalism, building safety, and environmental hazards impacting student well‐being.",188,341,88,0,1.813829787
Education,"Safety, Infrastructure & Transport.Traffic, Parking & School Run","Discussions on unsafe traffic conditions, problematic parking, and issues occurring at school drop-off and pick-up times that affect safety.",424,816,250,0,1.924528302
Education,School Experience & Nostalgia.Nostalgia & Memory,"Reflective and sentimental commentary on past schooling, historical buildings, and cherished personal and community educational experiences.",304,441,158,0,1.450657895
Education,School Experience & Nostalgia.Reviews & Critiques,"Narratives evaluating school performance, teacher effectiveness, bullying incidents, academic environments, and overall satisfaction with educational institutions.",272,434,133,0,1.595588235
Education,Special Educational Needs (SEN) & Support.SEN & EHCP Focus,"Dialogues addressing the challenges and support structures for children with additional needs, detailing experiences with EHCP processes and accommodations in mainstream or specialized settings.",294,313,130,0,1.06462585
Education,Uncategorised.Not enough information,,44,95,35,0,2.159090909
Environmental,Climate Change Debate and Economic Policy Criticism.Climate Skepticism and Denial,Remarks that question or downplay the impacts of climate change and criticize mainstream environmental narratives.,140,333,95,0,2.378571429
Environmental,Climate Change Debate and Economic Policy Criticism.Economic and Policy Implications,"Critiques of environmental policies for imposing economic burdens, poor fiscal management, or serving political agendas at the expense of communities.",49,95,20,0,1.93877551
Environmental,Community Engagement and Environmental Activism.Public Protests and Petitioning,"Calls for civic activism, protests, and petitions intended to influence environmental policies and safeguard local areas.",239,477,101,0,1.9958159
Environmental,Community Engagement and Environmental Activism.Volunteer Initiatives and Grassroots Actions,"Celebrations of community cleanups, tree-plantings, and local projects aimed at environmental improvement.",1466,1819,408,0,1.240791269
Environmental,"Flooding, Drainage, and Water Quality.Flooding and Drainage Failures","Issues discussing recurring flood incidents, blocked drains, and ineffective infrastructure in managing stormwater.",1646,1838,630,0,1.116646416
Environmental,"Flooding, Drainage, and Water Quality.Water Pollution and Contamination","Observations regarding sewage spills, discolored or odorous water, and broader concerns about water quality.",550,758,198,0,1.378181818
Environmental,Local Government Performance and Accountability.Communication and Transparency,"Concerns over inadequate notifications, unclear service information, and lack of accountability from public officials.",136,183,81,0,1.345588235
Environmental,Local Government Performance and Accountability.Maintenance Negligence,"Critiques of poor upkeep of parks, drainage systems, roads, and other environmental infrastructures by local authorities.",1449,2128,688,0,1.468599034
Environmental,"Public Health, Safety, and Noise Pollution.Hazardous Pollutants and Odor Issues","Concerns over harmful smells, poor air quality, and environmental pollutants that pose risks to public health.",401,422,154,0,1.052369077
Environmental,"Public Health, Safety, and Noise Pollution.Noise, Fireworks, and Disturbances","Complaints about loud events, fireworks, and excessive noise that disrupt community well-being and daily life.",306,637,192,0,2.081699346
Environmental,Sustainable Transport and Clean Energy.Renewable Energy and Infrastructure Upgrades,"Mentions of solar panels, EV charging points, and improvements in sustainable infrastructure projects.",133,265,62,0,1.992481203
Environmental,Sustainable Transport and Clean Energy.Transport Policies and Emissions Control,"Discussions on low-emission zones, cycle lanes, traffic restrictions, and measures to curb vehicular pollution.",486,1218,391,0,2.50617284
Environmental,Uncategorised.No category,,21,37,8,0,1.761904762
Environmental,Uncategorised.Not enough information,,306,331,87,0,1.081699346
Environmental,"Urban Development, Green Space, and Planning.Housing Development and Greenbelt Crisis",Debates on planning proposals and housing developments that threaten greenbelt areas and cherished natural spaces.,674,1499,407,0,2.224035608
Environmental,"Urban Development, Green Space, and Planning.Urban Infrastructure and Aesthetics","Remarks on urban planning decisions, roadworks, and changes that affect the visual quality and functionality of public spaces.",1122,2191,516,0,1.952762923
Environmental,Waste Management and Recycling.Bin Collection and Scheduling,"Comments highlighting delays, missed pickups, and scheduling conflicts in waste and recycling collections.",1888,2197,737,0,1.163665254
Environmental,Waste Management and Recycling.Fly Tipping and Illegal Dumping,Observations complaining about unauthorized dumping and fly‐tipping that degrade public spaces and green areas.,1324,1847,556,0,1.395015106
Environmental,Waste Management and Recycling.Recycling Guidelines and Policy Confusion,"Remarks expressing frustration about shifting recycling rules, bag/container changes, and unclear disposal standards.",608,1060,316,0,1.743421053
Environmental,"Wildlife, Biodiversity, and Animal Welfare.Animal Welfare and Pet Responsibility","Comments focusing on mistreatment of animals, irresponsible pet ownership (including pet waste), and calls for better protection of wildlife.",1317,2206,542,0,1.675018983
Environmental,"Wildlife, Biodiversity, and Animal Welfare.Wildlife Protection and Habitat Conservation",Advocacy for natural habitat preservation and concerns over biodiversity loss due to development.,1572,2777,740,0,1.76653944
Foreign issues,"Diaspora, Cultural Identity & International Solidarity.International Solidarity and Cross-Cultural Support","Comments promoting global unity and mutual support across different cultures, urging empathy and collaboration in addressing foreign crises.",17,15,5,0,0.8823529412
Foreign issues,"Foreign Aid, Refugee Support & Government Spending.Criticism of Government Spending on Foreign Interventions","Comments decrying high taxpayer expenditures on foreign wars and arms exports, often contrasting these costs with domestic needs and failures.",14,32,7,0,2.285714286
Foreign issues,"Foreign Aid, Refugee Support & Government Spending.Support for International Aid and Refugee Initiatives","Posts and comments urging donations, humanitarian assistance, and host sponsorships for those affected by wars (e.g., Ukraine, Gaza), emphasizing empathy and solidarity.",47,47,17,0,1
Foreign issues,Historical and Comparative Perspectives.Historical Comparisons and Colonial Legacies,"Posts drawing parallels between historical events such as wars, colonial interventions, or treaties (e.g., the Balfour Declaration) and current foreign conflicts to provide context and critique.",18,29,3,0,1.611111111
Foreign issues,"Media, Messaging & Discourse Framing.Critique of Media Bias, Misinformation, and Censorship","Posts debating how foreign issues are reported, alleging selective narratives, misinformation, or deliberate censorship in media coverage.",5,0,2,0,0
Foreign issues,"Media, Messaging & Discourse Framing.Use of Humor, Satire, and Irony in Framing Foreign Issues","Comments that employ wit, sarcasm, or playful mockery to discuss or critique international conflicts, often to underscore perceived absurdities in policy or media narratives.",13,11,9,0,0.8461538462
Foreign issues,Middle East Conflict Discourse.Critique and Justification of Military Interventions in the Region,"Posts that scrutinize military actions, the use of weapons and tactics in the Middle East, and debates over the legitimacy and motivations behind these interventions.",13,43,18,0,3.307692308
Foreign issues,Middle East Conflict Discourse.Israel-Palestine Narratives and Humanitarian Concerns,"Comments focusing on the conflict in Israel-Palestine that emphasize humanitarian crises, ceasefire demands, allegations of genocide, and personal testimonies of suffering.",127,346,151,0,2.724409449
Foreign issues,"Military Technology, Exercises & Future Conflict Speculation.Observations on Military Hardware and Test Exercises","Posts discussing sightings or details of military equipment, test flights, helicopter exercises, and other technical aspects that signal geopolitical tensions.",19,23,6,0,1.210526316
Foreign issues,"Military Technology, Exercises & Future Conflict Speculation.Speculative Predictions on Conflict Escalation",Comments warning about or predicting future increases in military tensions and conflict escalation based on current observations and international maneuvers.,6,6,1,0,1
Foreign issues,"National Identity, Xenophobia & Domestic Prioritization.Domestic Prioritization over Foreign Engagement","Posts asserting that a nation’s internal issues and local interests should be the primary focus, often questioning extensive foreign involvement.",69,200,72,0,2.898550725
Foreign issues,"National Identity, Xenophobia & Domestic Prioritization.Xenophobic and Racist Narratives in Foreign Discourse","Comments employing derogatory language, prejudice, or nationalist sentiment when discussing international conflicts or the presence of foreigners, highlighting underlying biases.",8,17,4,0,2.125
Foreign issues,Political and Diplomatic Critique.Analysis of International Relations and Diplomatic Dynamics,"Discussions that examine treaties, alliances, and global diplomatic maneuvers to critique or rationalize current international stances and conflicts.",3,1,1,0,0.3333333333
Foreign issues,Political and Diplomatic Critique.Criticism of Political Leadership and Foreign Policy,"Posts targeting political figures and government decisions regarding foreign interventions, international aid, or diplomatic stances, often blaming leaders for mismanaged foreign policies.",25,34,13,0,1.36
Foreign issues,Uncategorised.Not enough information,,33,54,12,0,1.636363636
Health,Dental and Pharmacy Services.NHS Dental Care and Transition to Private,"Discussions about difficulties in obtaining NHS dental care, long waiting lists, and the trend toward privatization and higher treatment costs.",328,311,142,0,0.9481707317
Health,Dental and Pharmacy Services.Prescription and Pharmacy Service Issues,"Experiences concerning prescription ordering, delayed mail notifications, pharmacy inefficiencies, and frustrations with medication supply services.",103,134,54,0,1.300970874
Health,"Health Policy, Funding, and Infrastructure.Criticism of Government and Policy Impact","Arguments criticising government cuts, mismanagement, privatization, and the political decisions that affect healthcare funding and service quality.",651,2071,443,0,3.181259601
Health,"Health Policy, Funding, and Infrastructure.Infrastructural and Operational Changes","Observations on facility closures, new digital systems, parking fee implementations, and other operational changes that disrupt or reshape healthcare service delivery.",171,449,128,0,2.625730994
Health,Healthcare Service Experience.Digital and Remote Consultation Challenges,"Accounts highlighting difficulties with online appointment systems, e‐consult platforms, and the barriers faced by those less digitally literate.",40,80,38,0,2
Health,Healthcare Service Experience.Hospital and A&E/Urgent Care Experience,"Narratives detailing hospital visits, emergency department experiences, urgent treatment encounters, and the quality and timeliness of care provided.",476,1003,265,0,2.107142857
Health,Healthcare Service Experience.Primary Care and GP Access,"Experiences regarding scheduling, phone call challenges, and face‐to‐face interactions at general practices and primary care services.",813,1186,311,0,1.458794588
Health,Healthcare Service Experience.Transportation and Parking Challenges,"Experiences related to accessing healthcare due to issues with hospital parking, taxi or bus service disruptions, and physical accessibility barriers.",179,304,98,0,1.698324022
Health,"Lifestyle and Preventive Health.Diet, Lifestyle, and Self-Care Advice","Advice and personal observations related to nutrition, exercise, home remedies, and general measures to maintain wellbeing.",99,189,51,0,1.909090909
Health,Lifestyle and Preventive Health.Public Health Campaigns and Screening,"Talk surrounding vaccination drives, health screenings, and public initiatives for early disease detection and preventive care.",48,50,13,0,1.041666667
Health,Mental Health and Community Wellbeing.Community Support and Mental Health Initiatives,"Discussions about support groups, suicide prevention measures, and community-based projects aimed at bolstering mental health and wellbeing.",197,294,73,0,1.492385787
Health,Mental Health and Community Wellbeing.Personal Mental Health Narratives and Struggles,"Individual accounts of mental health difficulties, personal distress, depression, and the emotional impact of inadequate support or treatment.",173,278,78,0,1.606936416
Health,Uncategorised.Not enough information,,75,100,36,0,1.333333333
Health,Veterinary and Pet Health Discussions.Animal and Public Health Intersection,Discussions linking pet-related issues (such as animal waste and toxic exposures) with wider public health and environmental concerns.,28,68,17,0,2.428571429
Health,Veterinary and Pet Health Discussions.Pet Health and Veterinary Experiences,"Experiences regarding veterinary care, treatment costs, and issues affecting the health of pets.",122,134,71,0,1.098360656
Health,Vulnerable Populations and Family Health.Child and Family Health Concerns,"Narratives about pediatric care, parental challenges in arranging medical appointments for children, and the broader impacts on family wellbeing.",187,182,70,0,0.9732620321
Health,"Vulnerable Populations and Family Health.Elderly, Disability, and Special Care Needs","Comments focusing on the challenges faced by older adults, people with disabilities, and those with special care needs in accessing services.",402,584,160,0,1.452736318
Housing,"Construction Quality, Maintenance, and Safety.Delayed Maintenance and Neglected Repairs",Reports of chronic delays in repair work—whether by private developers or housing associations—that lead to deteriorating living conditions.,55,55,33,0,1
Housing,"Construction Quality, Maintenance, and Safety.Substandard Construction and Unsafe Workmanship","Critiques of poor building practices, inferior materials, and work that creates safety hazards in new builds or renovations.",172,138,44,0,0.8023255814
Housing,Developer Motives and Housing Design.Aesthetic and Functional Criticism of Modern Housing,"Comments criticizing the design, scale, and appearance of modern housing developments, especially high-rise blocks and concrete constructions that disrupt local character.",51,91,18,0,1.784313725
Housing,Developer Motives and Housing Design.Profit-Driven Development vs Community Needs,"Debates over projects that prioritize developer profit and luxury conversion (e.g. student flats) over providing affordable, family-oriented housing.",75,219,47,0,2.92
Housing,"Fraud and Misrepresentation in Housing.Rental Scams, Fraudulent Listings and Deposits","Accounts of scams and misleading practices in the rental market, including deposit fraud, bogus listings, and deceptive tactics by some landlords or agents.",48,37,28,0,0.7708333333
Housing,Fraud and Misrepresentation in Housing.Unethical Practices by Landlords and Developers,"Reports of backhanded deals, unethical behavior, and misrepresentation in both rental and development sectors that compromise tenant trust and community well‐being.",34,44,30,0,1.294117647
Housing,"Heritage, Nostalgia, and Community Identity.Nostalgic Reflections and Sense of Place",Recollections and sentiments that contrast the past architectural charm and community spirit with modern developments perceived as alienating or profit-driven.,494,781,207,0,1.58097166
Housing,"Heritage, Nostalgia, and Community Identity.Preservation of Historic and Community Buildings","Expressions of regret over the demolition or repurposing of culturally significant buildings, local landmarks, and longstanding community spaces.",370,686,178,0,1.854054054
Housing,Homelessness and Emergency Housing.Access to Social Welfare and Support Services,"Calls for improved social safety nets, better council response, and increased community and charity interventions to help vulnerable populations.",143,266,88,0,1.86013986
Housing,Homelessness and Emergency Housing.Homelessness Crisis and Temporary Accommodation,"Accounts describing experiences of homelessness, use of emergency shelters, or repurposed vehicles, underscoring the urgent shortage of stable housing.",536,1303,273,0,2.430970149
Housing,Housing Affordability and Economic Implications.Economic Policy and Investment in Housing,"Observations on government policies (such as right‐to‐buy, council house sell-offs, fiscal measures) and investor-driven influences that shape market conditions and affect long-term housing affordability.",182,429,158,0,2.357142857
Housing,Housing Affordability and Economic Implications.Rent and Mortgage Affordability,"Comments that focus on the skyrocketing rents and mortgage costs along with discussions about the growing disparity between wages and house prices, making home ownership or renting unaffordable for many families.",600,1150,349,0,1.916666667
Housing,Landlord-Tenant Relationships and Repair Issues.Negligent Landlord Practices and Repair Failures,"Narratives highlighting landlords or housing associations that delay or neglect essential repairs and maintenance, creating unsafe or unhealthy living conditions.",500,551,186,0,1.102
Housing,Landlord-Tenant Relationships and Repair Issues.Rental Market Challenges and Eviction Fears,"Discussions about rapid rent increases, fears of eviction, ambiguous rental agreements, and disputes over deposits and service charges that leave tenants insecure.",198,225,68,0,1.136363636
Housing,"Planning, Development, and Land Use Controversies.Criticism of Planning Processes and Council Governance","Comments decrying secretive planning applications, last-minute approvals, and a lack of proper consultation by local councils that result in unwanted developments.",1799,3624,1071,0,2.014452474
Housing,"Planning, Development, and Land Use Controversies.Environmental Impact and Land Use Strain","Concerns over the loss of green belt, increased flooding, traffic congestion, and environmental damage caused by rapid housing developments on sensitive or underprepared sites.",529,1121,349,0,2.119092628
Housing,Political and Institutional Accountability.Critique of Local Government and Council Decisions,"Observations and frustrations directed at local council actions, planning committee decisions, and bureaucratic practices that are seen as neglecting community interests.",115,176,75,0,1.530434783
Housing,"Political and Institutional Accountability.Policy Shifts, Electoral Accountability and Political Promises","Discussions that call out broken promises by politicians and shifts in policy affecting housing, questioning the accountability of political leaders.",30,51,19,0,1.7
Housing,"Public Infrastructure, Amenities, and Services.Local Amenities, Healthcare, and Educational Services","Discussions focusing on the strain placed on schools, hospitals, and other community services as new developments push local infrastructure to its limits.",91,243,44,0,2.67032967
Housing,"Public Infrastructure, Amenities, and Services.Transport, Traffic, and Parking Challenges","Concerns regarding inadequate transport links, congestion, insufficient parking, and road infrastructure problems resulting from rapid housing expansion.",192,339,115,0,1.765625
Housing,Uncategorised.No category,,2,9,0,0,4.5
Housing,Uncategorised.Not enough information,,211,152,80,0,0.7203791469
Immigration,Cultural Identity and Terminology Debates.Cultural Narratives and Memory,"Reflections on how immigration shapes collective memory, community identity and the cultural landscape, both positively and negatively.",3,6,0,0,2
Immigration,Cultural Identity and Terminology Debates.Definitional Clarity,"Discussions focused on precisely defining terms such as 'illegal immigrant', 'asylum seeker' and 'refugee' in order to combat oversimplification.",3,7,0,0,2.333333333
Immigration,Cultural Identity and Terminology Debates.National Identity and Historical Context,"Comments that invoke traditional values, historical migration patterns, or national heritage to frame current immigration debates.",6,3,1,0,0.5
Immigration,"Economic, Social and Infrastructure Concerns.Housing, Welfare and Public Services Strain","Observations linking high levels of immigration to pressures on housing, healthcare, education, and other essential public services.",123,497,122,0,4.040650407
Immigration,"Economic, Social and Infrastructure Concerns.Job Market and Economic Resource Allocation","Remarks discussing the impact of immigration on employment opportunities, welfare systems, or the economic burden on taxpayers.",16,18,15,0,1.125
Immigration,"Economic, Social and Infrastructure Concerns.Local Community and Urban Changes","Comments addressing how immigration alters neighborhood identities, contributes to urban decay or changes the character of local communities.",30,64,36,0,2.133333333
Immigration,Humanitarian and Inclusive Perspectives.Celebration of Cultural Diversity,Remarks that highlight the benefits of multiculturalism and the enrichment immigrants bring to society through diversity.,10,57,8,0,5.7
Immigration,Humanitarian and Inclusive Perspectives.Empathy for Refugees and Asylum Seekers,"Expressions of compassion and concern for individuals fleeing conflict or persecution, emphasizing their human plight.",90,237,45,0,2.633333333
Immigration,Humanitarian and Inclusive Perspectives.Support for Integration and Legal Migration,Positive views advocating for properly managed and legal immigration that facilitates successful social integration.,30,18,7,0,0.6
Immigration,"Legal, Administrative, and Procedural Discussions.Legal Status and Asylum Procedures","Discussions clarifying the distinctions between asylum seekers, legal immigrants and illegal migrants, and addressing related rights.",2,1,1,0,0.5
Immigration,"Legal, Administrative, and Procedural Discussions.Residency, Documentation and Administrative Processes","Comments focusing on visa requirements, paperwork, and bureaucratic hurdles encountered in the immigration process.",4,5,3,0,1.25
Immigration,Political Debate and Policy Critique.Criticism of Government Immigration Policies,"Comments that focus on dissatisfaction with how political leaders and governments handle immigration, asylum, and border control.",52,167,60,0,3.211538462
Immigration,"Political Debate and Policy Critique.Media, Misinformation and Propaganda",Comments that challenge the portrayal of immigration issues in the media and accuse political or media institutions of spreading misleading narratives.,7,14,6,0,2
Immigration,Political Debate and Policy Critique.Partisan Blame and Political Figures,"Remarks attributing immigration challenges to specific political parties, leaders, or ideologically driven decisions.",43,141,49,0,3.279069767
Immigration,Uncategorised.Not enough information,,8,3,5,0,0.375
Immigration,Xenophobic Rhetoric and Anti-Immigrant Sentiments.Exclusionary Demands,"Calls for strict measures such as deportation, complete border closures or the removal of immigrants from the community.",22,64,23,0,2.909090909
Immigration,Xenophobic Rhetoric and Anti-Immigrant Sentiments.Explicit Hate Speech,"Comments using overt dehumanizing language, slurs or aggressive insults to target immigrants based solely on their origin or appearance.",37,89,21,0,2.405405405
Immigration,Xenophobic Rhetoric and Anti-Immigrant Sentiments.Implicit Scapegoating,"Remarks that indirectly blame immigrants for societal, economic or cultural problems without providing specific evidence.",176,504,157,0,2.863636364
Pensions,Administration and Payment.Digital & Service Accessibility Barriers,"Issues highlighting the challenges pensioners face with overly digitalized systems—such as online forms, banking, and service access—that impede their ability to manage their pensions and related services.",35,81,17,0,2.314285714
Pensions,Administration and Payment.Pension Payment Delays,Critiques of administrative inefficiencies that result in late pension payments or errors in pension processing.,1,12,4,0,12
Pensions,Comparative Wealth and Inequality.Corporate vs. Ordinary Pensions,Criticism highlighting the disparity between lucrative executive or corporate pension schemes and the modest benefits received by ordinary pensioners.,7,21,9,0,3
Pensions,Comparative Wealth and Inequality.Intergenerational Pension Disparities,"Debates that compare pension provisions across age groups, stressing concerns over fairness between older and younger generations.",4,16,2,0,4
Pensions,Economic Conditions.Pension Income Pressures,"Debates over how insufficient pension amounts, combined with rising living costs and rapid price increases, strain the financial well‐being of retirees.",21,76,16,0,3.619047619
Pensions,Exploitation and Fraud.Scams and Fraud Targeting Pensioners,Warnings and reports about fraudulent schemes and exploitative practices that specifically aim to take advantage of vulnerable pensioners.,13,12,6,0,0.9230769231
Pensions,Policy and Legislation.Gender-based Pension Disparities (WASPI),"Dialogues specifically addressing unequal pension outcomes for women, including calls for compensation and reform under WASPI.",5,1,1,0,0.2
Pensions,Policy and Legislation.Pension Eligibility & Means Testing,"Talk centered on how pensions are awarded—based on lifetime contributions, savings thresholds, and subject to means testing—with debates on fairness.",16,50,15,0,3.125
Pensions,Policy and Legislation.Retirement Age Debate,"Discussions that focus on proposals to change or maintain the retirement age, including criticism of rising ages and the impact on retirees’ lifestyles and finances.",4,14,2,0,3.5
Pensions,Policy and Legislation.Tax and Pension Deductions,"Conversations about the impact of taxation on pension income, including complaints about being taxed again on money already taxed during working life.",14,21,17,0,1.5
Pensions,Political Discourse.Pensions in Political Rhetoric,Comments where pension issues are invoked by politicians or used in debates to support or criticize government policies.,15,45,18,0,3
Pensions,Political Discourse.Political Exploitation of Pensioners,Discussions critiquing how political parties may manipulate pensioners as a voting bloc or fail to address their real financial and social needs.,13,46,4,0,3.538461538
Pensions,"Social and Community Aspects.Community Support, Concessions & Social Events","Observations on local initiatives, discounts, social activities, or concessions specifically aimed at improving the day-to-day lives of pensioners.",52,130,23,0,2.5
Pensions,Social and Community Aspects.Retirement Celebrations & Tributes,"Positive messages and tributes that honor long service, celebrate retirement milestones, and acknowledge individual contributions.",22,21,1,0,0.9545454545
Pensions,Uncategorised.No category,,1,0,0,0,0
Pensions,Uncategorised.Not enough information,,62,129,38,0,2.080645161
Public services,Banking and Financial Services.Branch Closures and Service Accessibility,Focuses on the decline of face‐to‐face banking through branch and post office closures and the challenges posed by an over-reliance on digital banking.,159,250,91,0,1.572327044
Public services,Community Support & Social Services.Charitable and Volunteer Initiatives,"Covers positive or critical discussions about community-driven projects, food clubs, and volunteer efforts that supplement formal public services.",606,938,305,0,1.547854785
Public services,Community Support & Social Services.Home Care and Social Support,"Focuses on issues related to home care, disability support, and social services provided for vulnerable populations.",544,685,213,0,1.259191176
Public services,Council Governance & Communication.Local Government Responsiveness and Accountability,"Encompasses criticism of unresponsive councils, poor communication channels, and ineffective complaint resolution.",1614,2785,858,0,1.725526642
Public services,Digital & Online Public Service Platforms.Digital Service Platform Frustrations,"Deals with difficulties and inefficiencies in online systems (websites, apps, digital booking) that hinder access to and the usability of public services.",122,163,55,0,1.336065574
Public services,"Healthcare & Medical Services.Hospital, Emergency, and Ambulatory Care","Relates to experiences in A&E, emergency services, and overall hospital care quality along with ambulatory service challenges.",792,1839,420,0,2.321969697
Public services,Healthcare & Medical Services.Primary & Specialist Care Access,"Encompasses difficulties in securing timely GP, dental, or specialist appointments including cancellations and long wait times.",2138,3029,868,0,1.416744621
Public services,Law Enforcement & Public Safety.Law Enforcement and Safety Concerns,Encompasses critiques of police and emergency response effectiveness as well as broader concerns about community safety and crime prevention.,797,1473,478,0,1.848180678
Public services,"Political Governance & Public Spending.Budget Cuts, Taxation & Spending Critique","Highlights complaints about increased taxes, budget cuts, and misallocation of public funds that diminish service quality.",1069,2861,608,0,2.676333022
Public services,Political Governance & Public Spending.Political Leadership and Policy Criticism,"Addresses frustrations with political decisions, austerity measures, and policy failures that negatively affect public service delivery.",443,1250,280,0,2.821670429
Public services,Postal & Delivery Services.Mail and Parcel Delivery Issues,"Focuses on delays, misdirected deliveries, and inconsistent service from postal carriers affecting residents’ expectations.",920,767,364,0,0.8336956522
Public services,Public Amenities & Facilities.Communal Space Quality and Accessibility,"Discusses the condition and accessibility of public amenities (public toilets, libraries, parks, leisure centres) and the frustration when these are poorly maintained or closed.",1046,1876,504,0,1.793499044
Public services,Public Transportation & Parking.Parking and Permit Challenges,"Focuses on inadequate parking availability, high permit fees, and inconsistent enforcement leading to accessibility issues.",487,750,270,0,1.540041068
Public services,Public Transportation & Parking.Transit Service Reliability,"Covers disruptions, delays, or cancellations in bus, train, or other transit services that negatively impact commuters.",757,1132,305,0,1.495376486
Public services,"Road Infrastructure & Maintenance.Drainage, Lighting, and Signage Deficiencies","Addresses issues with poor drainage causing flooding, malfunctioning street lighting, and unclear road signage that compromise safety.",423,555,233,0,1.312056738
Public services,Road Infrastructure & Maintenance.Potholes and Surface Damage,"Covers complaints about deteriorated road surfaces, dangerous potholes, and vehicle/pedestrian safety hazards.",821,1157,305,0,1.409257004
Public services,Uncategorised.No category,,85,199,29,0,2.341176471
Public services,Uncategorised.Not enough information,,413,645,228,0,1.561743341
Public services,"Utilities & Essential Services.Broadband, Smart Meter & Digital Utility Issues","Highlights frustrations with unreliable broadband connectivity, smart meter malfunctions, and other digital utility service failures.",175,85,57,0,0.4857142857
Public services,"Utilities & Essential Services.Water, Energy & Utility Disruptions","Covers issues with poor water quality, low water pressure, power outages, and metering problems that disrupt everyday life.",744,574,222,0,0.7715053763
Public services,Waste Management & Recycling.Bin Collection Inconsistency,"Focuses on delays, missed collections, or irregular pickup schedules that disrupt proper disposal of waste.",2774,3278,1141,0,1.181687094
Public services,Waste Management & Recycling.Recycling System Barriers,"Highlights frustrations with new recycling protocols, unsuitable bag sizes, and confusing digital changes hindering effective recycling.",314,703,152,0,2.238853503
Tax,"Everyday Tax Observations and Humor.Humorous, Sarcastic, and Ironic Tax Remarks","Comments that use humor, sarcasm, or irony to reflect on everyday tax issues, highlighting perceived absurdities and frustrations about tax policies and enforcement.",115,258,53,0,2.243478261
Tax,Local Taxation and Public Spending.Council Tax Increases & Service Cuts,"Comments criticizing rising council tax rates alongside diminishing local services, such as reduced road repairs, shrinking public amenities, and overall poor return on taxpayer money.",431,1047,221,0,2.429234339
Tax,Local Taxation and Public Spending.Extra Charges and Waste Management Fees,Comments focusing on additional fees imposed on residents—such as charges for garden or brown bin waste collection—that exacerbate the burden on households already paying council tax.,78,200,30,0,2.564102564
Tax,Local Taxation and Public Spending.Infrastructure Spending and Misallocation,"Comments that condemn the misallocation or wasteful spending of local tax revenues on projects like pothole repairs, beautification schemes, or public facility upgrades that do not meet community needs.",91,273,61,0,3
Tax,Political Tax Discourse and Policy Debates.Critiques of Government Spending & Waste,Comments sharply criticizing both local and central government for mismanaging or wasting taxpayer money on projects and policies that fail to deliver proper services.,196,556,115,0,2.836734694
Tax,Political Tax Discourse and Policy Debates.Debates on Tax Fairness and Inequality,"Comments debating the fairness of tax burdens—often contrasting the wealthy with working-class people, questioning if the rich evade or pay less tax compared to ordinary citizens.",35,42,18,0,1.2
Tax,Political Tax Discourse and Policy Debates.Electoral Promises and Political Tax Reforms,"Comments linking tax increases and spending cuts to electoral promises, critiquing political party policies and proposals for tax reform as either burdensome or insufficient.",16,39,19,0,2.4375
Tax,"Tax Administration and Customer Service.HMRC Communications, Refunds & Scam Concerns","Comments about delays, confusing notifications, or potential scams in interactions with HMRC, including issues with tax refunds and unclear correspondence.",29,28,5,0,0.9655172414
Tax,"Tax Administration and Customer Service.Inheritance, Probate & Complex Tax Matters","Comments that discuss challenging tax issues such as Inheritance Tax, probate complications, and other complex legal tax processes encountered by individuals.",3,7,1,0,2.333333333
Tax,Tax Administration and Customer Service.Payment Systems and Administrative Hurdles,"Comments highlighting difficulties with tax payment methods—such as problems with direct debits, online systems, or postal delays—and other bureaucratic glitches.",13,21,2,0,1.615384615
Tax,Tax Avoidance and Evasion.Criticism of Tax Dodging and Evasion Practices,"Comments condemning individuals, corporations, or politicians for exploiting loopholes, dodging tax obligations, and engaging in unethical financial practices.",28,81,38,0,2.892857143
Tax,Tax Burden and Economic Impact.Financial Stress and Impact on Cost of Living,"Comments connecting rising taxes—whether council tax, road tax, or others—to increased personal financial pressure and higher overall cost of living for households.",12,80,14,0,6.666666667
Tax,"Vehicle Taxation and Enforcement.Parking Regulations, Fines & Permit Systems","Comments addressing issues of parking enforcement including clamping, fines, and permit systems, with debates centering on whether vehicles are taxed, insured, and MOT’d.",18,65,11,0,3.611111111
Tax,"Vehicle Taxation and Enforcement.Road/Vehicle Tax, MOT, and Compliance","Comments discussing obligations related to vehicle tax payments, MOT checks, and overall compliance, often linking these taxes to funding road maintenance and safety measures.",97,222,81,0,2.288659794
Technology,Broadband and Mobile Connectivity.Broadband Service Complaints,"Discussions focused on user frustration with fixed‐line internet speeds, frequent outages, and installation delays from broadband providers.",302,167,114,0,0.5529801325
Technology,Broadband and Mobile Connectivity.Mobile Network and Signal Issues,"Comments addressing poor cellular reception, call dropouts, and overall dissatisfaction with mobile network reliability.",152,101,68,0,0.6644736842
Technology,"Cybersecurity, Scams, and Online Fraud.Cybersecurity and Account Safety","Concerns over hacking, phishing, and data breaches, with emphasis on protecting personal accounts and sensitive information from digital threats.",31,30,12,0,0.9677419355
Technology,"Cybersecurity, Scams, and Online Fraud.Fraud and Scam Experiences","Accounts of scam phone calls, fake QR codes, fraudulent payment apps, and deceptive practices exploiting technology.",45,39,26,0,0.8666666667
Technology,Digital Payment Systems and Cashless Society.Cashless Society Concerns,"Critiques of the shift toward cashless systems, emphasizing issues like digital exclusion, loss of privacy, and potential government control.",194,619,168,0,3.190721649
Technology,Digital Payment Systems and Cashless Society.Digital Payment Frustrations,"Talks about glitches with payment apps, problems using self‐service payment machines, and difficulties completing digital transactions.",77,107,38,0,1.38961039
Technology,Digital Services and Apps User Experience.App Functionality and Reliability,"Feedback and frustration with apps used for parking, banking, healthcare, and other services—including glitches, connectivity issues, and poor user interfaces.",158,295,105,0,1.867088608
Technology,Digital Services and Apps User Experience.Digital Infrastructure and Urban Tech,"Discussions about physical digital infrastructure such as fibre broadband, 5G masts, and telegraph poles, including concerns over planning, aesthetics, and rollout timelines.",60,142,30,0,2.366666667
Technology,Electric and Autonomous Mobility.Autonomous Transport and Delivery Robots,"Topics addressing driverless vehicles, autonomous public transport (including driverless buses) and emerging delivery robots, with attention to safety and employment implications.",54,61,20,0,1.12962963
Technology,Electric and Autonomous Mobility.Electric Mobility Critiques,"Conversations critiquing electric vehicles, electric scooters, and other battery‐powered transport on issues like charging, range, safety, and cost.",156,306,137,0,1.961538462
Technology,IoT and Smart Home Devices.IoT Performance and Reliability,"Feedback on technical malfunctions, glitches, and challenges of maintaining reliable performance with connected devices in daily life.",50,42,13,0,0.84
Technology,IoT and Smart Home Devices.Smart Home and Security Devices,"Commentary on in‑home technologies such as smart meters, smart doorbells, and connected security devices, including subscription and usability issues.",106,146,49,0,1.377358491
Technology,Retail Automation and Self-Service Technology.Automated Banking and Service Kiosks,"Topics covering the closure of bank branches, removal of traditional ticket offices, and other automated public service systems that reduce human contact.",6,44,10,0,7.333333333
Technology,Retail Automation and Self-Service Technology.Automated Retail Services,"Discussions on self‐checkout kiosks, unmanned tills, and automated in‐store services, with a focus on customer experience and employment impact.",173,511,95,0,2.953757225
Technology,"Social Media, Online Behavior, and Censorship.Online Community Dynamics and Misinformation","Observations of group behavior, the spread of misinformation or scam posts, and challenges in managing online communities and ensuring accurate discourse.",22,38,15,0,1.727272727
Technology,"Social Media, Online Behavior, and Censorship.Social Media Critiques","Discussions focused on platform policies, censorship practices, and how social media moderates technology-related content and user interactions.",35,59,11,0,1.685714286
Technology,"Surveillance, Privacy, and Drones.Drone Operations and Aerial Monitoring","Discussions about drone use in public spaces, legal boundaries, potential invasions of privacy, and community reactions.",57,57,44,0,1
Technology,"Surveillance, Privacy, and Drones.Surveillance Technologies","Debates about CCTV, facial recognition tools, ANPR systems, and other monitoring devices, weighing public safety against privacy.",172,244,103,0,1.418604651
Technology,"Technological Change, Nostalgia, and Resistance.Nostalgia for Pre-Digital Eras","Reflections on simpler times marked by cash transactions and face-to-face interactions, in contrast to today's pervasive digital technologies.",115,213,50,0,1.852173913
Technology,"Technological Change, Nostalgia, and Resistance.Resistance to Rapid Technological Change","Critiques of fast-paced tech adoption that may lead to job losses, social isolation, and generational disconnect, questioning whether progress benefits all.",75,185,42,0,2.466666667
Technology,Uncategorised.Not enough information,,62,86,38,0,1.387096774
Transport,Alternative Transport & Technology.Cycling & Micromobility Infrastructure,"Talks about developing safe cycle lanes, scooter parking challenges, and general micro-mobility issues.",641,1538,427,0,2.399375975
Transport,Alternative Transport & Technology.Electric Vehicle & Charging Infrastructure,"Feedback about issues with electric vehicle technology, charging station availability, and related infrastructure.",94,168,89,0,1.787234043
Transport,Alternative Transport & Technology.Urban & Environmental Transport Reform,"Debates on sustainable urban planning, green transport initiatives, and community-driven shifts toward environmentally friendly mobility.",38,81,19,0,2.131578947
Transport,"Driving Behavior & Road Safety.Driver Etiquette, Lane Discipline & Reporting","Critiques of aggressive driving, improper lane use, and the importance of dashing recordings or incident reporting.",660,1843,331,0,2.792424242
Transport,Driving Behavior & Road Safety.Protection of Vulnerable Road Users,"Concerns for pedestrian, cyclist, and horse rider safety including the effectiveness of crossings and driver awareness.",939,1886,466,0,2.008519702
Transport,Driving Behavior & Road Safety.Speeding & Reckless Driving,"Discussions on speeding, the controversy over 20mph zones, and accidents caused by irresponsible driving.",1581,2720,857,0,1.720430108
Transport,Infrastructure & Maintenance.Parking & Accessibility,"Issues related to illegal or obstructive parking, permit controversies, and challenges accessing sidewalks or public areas.",2519,4831,1434,0,1.917824534
Transport,Infrastructure & Maintenance.Road Surface & Drainage,"Comments about deteriorating road surfaces including potholes, uneven pavements, and issues with flooding or poor drainage.",3172,3688,1041,0,1.162673392
Transport,Infrastructure & Maintenance.Roadworks & Closures,"Feedback regarding ongoing construction, temporary closures, and diversions that disrupt travel routines.",3864,4140,1792,0,1.071428571
Transport,"Infrastructure & Maintenance.Traffic Signage, Lights & Signal Issues","Discussions focused on malfunctioning traffic lights, confusing road signs, and unclear directional or speed-limit indicators.",1812,2943,868,0,1.624172185
Transport,"Policy, Funding & Governance.Government Spending & Infrastructure Funding","Debates over public expenditure, misallocation of funds, and insufficient budgets affecting transport maintenance.",680,1734,356,0,2.55
Transport,"Policy, Funding & Governance.Institutional Accountability & Decision-making","Criticism of councils, government bodies, and contractors for flawed planning, delayed responses, and bureaucratic inaction.",263,693,190,0,2.634980989
Transport,"Policy, Funding & Governance.Public Activism & Petitions","Mentions of grassroots campaigns, petitions, and collective actions demanding improvements in transport infrastructure.",237,374,124,0,1.578059072
Transport,"Policy, Funding & Governance.Transport Policy & Regulatory Changes","Discussions on new regulations such as ULEZ, speed limit adjustments, and policy shifts that directly impact mobility.",935,2160,640,0,2.310160428
Transport,Public Transportation.Airport Operations & Aviation,"Debates on local airport management, proposals for reopening or expanding airport services, and challenges with airspace regulation.",1225,2037,258,0,1.662857143
Transport,Public Transportation.Bus Service Reliability & Fares,"User experiences addressing delays, inconsistent schedules, fare hikes, and overall bus service quality.",1555,2036,662,0,1.309324759
Transport,Public Transportation.Digital Ticketing & Payment Systems,"Observations about contactless payment failures, app-based ticket purchase difficulties, and technology glitches in fare systems.",131,194,70,0,1.480916031
Transport,Public Transportation.Rail Network & Station Services,"Feedback on train delays, station closures, ticketing problems, and the quality of rail accommodations.",710,1292,380,0,1.81971831
Transport,Uncategorised.No category,,21,38,11,0,1.80952381
Transport,Uncategorised.Not enough information,,584,730,203,0,1.25